iteration,max_fitness_changes,avg_fitness_changes
0,-64.22145841593768,-32.27160595067267
1,70.13964268119865,-335.0948242971119
