iteration,max_fitness_changes,avg_fitness_changes
0,-2.894264755818483,-1.4471323779092415
1,16.08093191626954,-21.06488017680408
