iteration,max_fitness_changes,avg_fitness_changes
0,-17.763189089152966,-13.067045363324006
1,5.05207974341932,-81.95903021530773
