iteration,max_fitness_changes,avg_fitness_changes
0,0.003106726865944154,0.003106726865944154
1,2.837416204687159,2.837416204687159
