iteration,max_fitness_changes,avg_fitness_changes
0,0.0,0.0
1,13.401761345694332,13.401761345694332
